GaugeID,Warning Level,Danger Level,Station,Latitude,Longitude,River Name/ Tributory/ SubTributory,Basin,State,Start_date,End_date,Level_Entries,Streamflow_Entries,Privacy,Source Catchment Area,Catchment Area,Area variation (%),Reliability
INDOFLOODS-gauge-394,259.2,262,Biligundulu,12.18,77.73,Cauvery,Cauvery,Karnataka,30-08-1971,27-05-2020,17715,17273,Open,36682,36889.80078,0.566492503,Safe
INDOFLOODS-gauge-118,66.75,67.75,Jainagar,26.5833,86.1481,Ganga/Kosi/ Kamla-Balan,Ganga - Brahmaputra - Meghna/Barak,Bihar,01-07-1970,31-12-2010,14134,13725,Restricted,2131,2118.569336,0.583325387,Safe
INDOFLOODS-gauge-119,49,50,Jhanjharpur,26.2333,86.2594,Ganga/Kosi/ Kamla-Balan,Ganga - Brahmaputra - Meghna/Barak,Bihar,01-01-1970,31-12-2010,14939,14616,Restricted,2945,3504.423584,18.99570744,Safe
INDOFLOODS-gauge-121,70,71,DHENG BRIDGE,26.7228,85.3231,Ganga/Kosi/ Bagmati,Ganga - Brahmaputra - Meghna/Barak,Bihar,01-07-1970,31-12-2010,14762,14750,Restricted,3790,3580.846924,5.518550818,Safe
INDOFLOODS-gauge-560,218,220.98,Burhanpur,21.2994,76.235,Tapi,Tapi,Madhya Pradesh,14-09-1972,20-08-2019,16611,16249,Open,8487,8926.981445,5.184181042,Safe
INDOFLOODS-gauge-571,226.73,227.73,Pauni,20.7947,79.6478,Godavari/Pranhita/ Wainganga,Godavari,Maharashtra,21-09-1964,27-05-2020,15744,15032,Open,35520,35499.88672,0.056625225,Safe
INDOFLOODS-gauge-361,582.25,582.5,T.k.halli,12.4167,77.1925,Cauvery/Shimsha,Cauvery,Karnataka,12-06-1978,27-05-2020,14021,14063,Open,7890,8031.312988,1.791039138,Safe
INDOFLOODS-gauge-964,198.33,199.33,garhmukteshwar,28.7667,78.1417,Ganga,Ganga - Brahmaputra - Meghna,Uttar Pradesh,01-04-1967,30-12-2011,16345,16345,Restricted,29709,28710.80859,3.359895688,Safe
INDOFLOODS-gauge-120,34.65,35.65,Dhengraghat,25.8478,87.8031,Ganga/Mahananda,Ganga - Brahmaputra - Meghna/Barak,Bihar,01-04-1985,31-12-2010,9405,9375,Restricted,10160,7669.711426,24.51071431,Safe
INDOFLOODS-gauge-364,7,9,Bantwal,12.8844,75.0431,Nethravathi,West flowing rivers from Tadri to Kanyakumari,Karnataka,01-11-1970,27-05-2020,17567,17159,Open,3184,3250.029541,2.073792117,Safe
INDOFLOODS-gauge-955,189.6,190.6,moradabad,28.8267,78.7981,Ganga/Ramganga,Ganga - Brahmaputra - Meghna,Uttar Pradesh,22-05-1968,31-12-2011,15855,15844,Restricted,6807,6854.594727,0.699202688,Safe
INDOFLOODS-gauge-349,14,17,Santeguli,14.4344,74.5861,Aghanashini,West flowing rivers from Tadri to Kanyakumari,Karnataka,01-06-1988,27-05-2020,11364,11228,Open,1090,1027.7146,5.714256881,Safe
INDOFLOODS-gauge-117,61.22,62.22,Dumariaghat,26.3792,84.7317,Ganga/Gandak,Ganga - Brahmaputra - Meghna/Barak,Bihar,01-01-1977,31-12-2010,12418,12356,Restricted,41520,40759.60156,1.831402794,Safe
INDOFLOODS-gauge-960,136.6,137.6,fatehgarh,27.4042,79.625,Ganga,Ganga - Brahmaputra - Meghna,Uttar Pradesh,14-11-1971,31-12-2011,14657,14658,Restricted,40096,38909.0625,2.960239176,Safe
INDOFLOODS-gauge-429,9,10,Thumpamon,9.22,76.71,Pamba/Achankovil,West Flowing Rivers From Tadri to Kanyakumari,Kerala,21-12-1977,27-05-2020,15052,14757,Open,810,813.0768433,0.379857198,Safe
INDOFLOODS-gauge-957,112,113,kanpur,26.4694,80.3764,Ganga,Ganga - Brahmaputra - Meghna,Uttar Pradesh,01-05-1959,31-12-2011,19206,19207,Restricted,87650,85868.82031,2.032150245,Safe
INDOFLOODS-gauge-427,5,6,Kallooppara,9.4036,76.6503,Pampa/Manimala,West Flowing Rivers From Tadri to Kanyakumari,Kerala,19-06-1985,27-05-2020,12295,11998,Open,731,704.2370605,3.661140834,Safe
INDOFLOODS-gauge-396,20.5,23,Yennehole,13.2942,74.9808,Swarna/Yennehole,West flowing rivers from Tadri to Kanyakumari,Karnataka,24-07-1989,27-05-2020,10807,10581,Open,327,346.3018188,5.902696881,Safe
INDOFLOODS-gauge-29,310,312,Mantralayam,15.9483,77.4264,Krishna/Tungabha dra,Krishna,Andhra Pradesh,01-06-1972,27-05-2020,17266,16955,Open,60630,64017.37891,5.586968349,Safe
INDOFLOODS-gauge-130,539.5,540.8,Jagdalpur,19.1081,82.0228,Godavari/ Indravati,Godavari,Chhattisgarh,01-06-1965,27-05-2020,19354,18777,Open,7380,7189.501953,2.58127435,Safe
INDOFLOODS-gauge-948,123,124,ankinghat,26.9347,80.0361,Ganga,Ganga - Brahmaputra - Meghna,Uttar Pradesh,14-05-1968,31-12-2011,15937,15937,Restricted,82209,81570.95313,0.77612776,Safe
INDOFLOODS-gauge-115,47.68,48.68,Benibad,26.1453,85.6922,Ganga/Kosi/ Bagmati,Ganga - Brahmaputra - Meghna/Barak,Bihar,01-04-1985,30-12-2010,9405,9384,Restricted,6160,1793.517334,70.88445886,Caution
INDOFLOODS-gauge-164,204.5,205.33,delhi rly bridge,28.6625,77.2467,Ganga/Yamuna,Ganga - Brahmaputra - Meghna/Barak,Delhi,06-06-1963,31-12-2011,17741,17740,Restricted,18552,36437.1875,96.40571097,Caution
INDOFLOODS-gauge-953,161,162,kachlabridge,27.9319,78.8606,Ganga,Ganga - Brahmaputra - Meghna,Uttar Pradesh,10-12-1971,31-12-2011,14417,14477,Restricted,34446,32938.54688,4.376279162,Safe
INDOFLOODS-gauge-113,32.85,33.85,Baltara,25.5006,86.75,Ganga/Kosi,Ganga - Brahmaputra - Meghna/Barak,Bihar,01-01-1970,31-12-2010,14881,14852,Restricted,88480,82251.97656,7.038905335,Safe
INDOFLOODS-gauge-966,103,104,Banda,25.4833,80.3133,Ganga/Yamuna/Ken,Ganga - Brahmaputra - Meghna/Barak,Uttar Pradesh,01-06-1959,31-05-2011,18991,18991,Restricted,27616,25075.86914,9.198040484,Safe
INDOFLOODS-gauge-1059,85.65,85.95,Domohani ,26.5628,88.7583,Brahmaputra/ Teesta,Ganga - Brahmaputra -Meghna/Barak,West Bengal,01-06-2010,31-10-2020,1304,0,Open,9432,9526.455078,1.001432125,Safe
INDOFLOODS-gauge-85,10.17,10.8,Srikakulam,18.3133,83.8842,Nagavali,East flowing rivers between Mahanadi and Pennar,Andhra Pradesh,25-08-1990,27-05-2020,10778,10348,Open,9500,9025.510742,4.994623768,Safe
INDOFLOODS-gauge-397,542,544,Gokak falls,16.19,74.7914,Krishna/ Ghataprabha,Krishna,Karnataka,14-07-1971,20-08-2019,14284,14064,Open,2770,2771.248779,0.045082274,Safe
INDOFLOODS-gauge-739,37.44,38.36,Anandapur,21.2111,86.1206,Baitarni, Brahmni - Baitarni,Odisha,07-03-1972,27-05-2020,17560,17124,Open,8570,8498.889648,0.829759067,Safe
INDOFLOODS-gauge-125,51.32,52.32,Saulighat,26.4089,85.8597,"Ganga/Kosi/
Bagmati/Adhwara/ Dhaus",Ganga - Brahmaputra - Meghna/Barak,Bihar,22-03-1985,31-12-2010,9416,9371,Restricted,1932,3314.956299,71.58158898,Caution
INDOFLOODS-gauge-114,62.2,63.2,Lalbegiyaghat,26.7153,84.9586,Ganga/Burhi Gandak,Ganga - Brahmaputra - Meghna/Barak,Bihar,01-06-1974,30-12-2010,13330,13324,Restricted,6900,6013.821289,12.84316972,Safe
INDOFLOODS-gauge-372,3.5,6.5,Addoor,12.9303,74.9531,Gurupur,West flowing rivers from Tadri to Kanyakumari,Karnataka,17-07-2003,27-05-2020,5345,5161,Open,688,689.8464355,0.268377253,Safe
INDOFLOODS-gauge-124,44.72,45.72,Hayaghat,26.0333,85.9,Ganga/Kosi/Bagmati,Ganga - Brahmaputra - Meghna/Barak,Bihar,01-01-1970,31-01-2010,14641,14611,Restricted,12973,8762.385742,32.45675062,Caution
INDOFLOODS-gauge-679,221,223,Yelli,19.0439,77.4556,Godavari,Godavari,Maharashtra,01-06-1978,27-05-2020,11962,14007,Open,53630,53175.53125,0.847415159,Safe
INDOFLOODS-gauge-958,136.3,137.3,dabri,27.4958,79.6972,Ganga/Ramganga,Ganga - Brahmaputra - Meghna,Uttar Pradesh,16-06-1985,31-12-2011,9299,9300,Restricted,23919,24295.3125,1.573278565,Safe
INDOFLOODS-gauge-643,534,536,Terwad (seasonal),16.6753,74.5736,Krishna/ Panchganga,Krishna,Maharashtra,22-08-1979,27-05-2020,12115,12181,Open,2425,2428.131836,0.129147876,Safe
INDOFLOODS-gauge-32,276,278,Bawapuram,15.8833,77.9572,Krishna/ Tungabhadra,Krishna,Andhra Pradesh,01-06-1965,27-05-2020,19670,19554,Open,67180,66450.61719,1.085714216,Safe
INDOFLOODS-gauge-650,221,223,Yerli,20.9358,76.4756,Tapi/Purna,Tapi,Maharashtra,09-04-1973,20-08-2019,14310,15368,Open,16517,15799.52734,4.343843676,Safe
INDOFLOODS-gauge-532,476,477,Ujjain.,23.1683,75.7711,Ganga/Yamuna/ Chambal/Shipra,Ganga - Brahmaputra - Meghna/Barak,Madhya Pradesh,01-11-1976,31-05-2011,10514,12593,Restricted,2070,2056.525391,0.650947295,Safe
INDOFLOODS-gauge-472,292.8,293.8,Hoshangabad,22.7561,77.7328,Narmada,Narmada,Madhya Pradesh,16-09-1972,27-05-2020,17269,16967,Open,44548,44652.65625,0.234929178,Safe
INDOFLOODS-gauge-503,129.79,130.79,Dholpur,26.6656,77.9667,"Ganga/Yamuna
/Chambal",Ganga - Brahmaputra - Meghna/Barak,Madhya Pradesh,16-01-1976,31-05-2011,12919,12920,Restricted,138123,132700.4063,3.925916538,Safe
INDOFLOODS-gauge-636,245,,Gopalkheda,20.8742,76.9897,Tapi/Purna,Tapi,Maharashtra,01-06-1977,20-08-2019,13264,13031,Open,9500,8086.739746,14.87642373,Safe
INDOFLOODS-gauge-707,7.21,8.13,Govindapur (nh5 road bridge),21.55,86.92,Burhabalang,Subernarekha,Odisha,07-03-1992,27-05-2020,10023,9858,Open,4495,4400.070313,2.11189515,Safe
INDOFLOODS-gauge-562,245,,Purna at gopalkheda,20.8742,76.9897,Tapi/Purna,Tapi,Maharashtra,01-06-1977,27-05-2020,12692,12451,Open,9500,8086.739746,14.87642373,Safe
INDOFLOODS-gauge-440,7,8,Pattazhy,9.0728,76.7611,Kallada,West Flowing Rivers From Tadri to Kanyakumari,Kerala,20-04-1978,27-05-2020,15094,14862,Open,1210,1198.495972,0.950746116,Safe
INDOFLOODS-gauge-768,54.1,54.6,Kashinagar,18.8483,83.8731,Vamsadhara,East flowing rivers between Mahanadi and Pennar,Odisha,01-01-2014,27-05-2020,2293,1852,Open,7820,7841.71875,0.277733376,Safe
INDOFLOODS-gauge-815,210,215,Barod,25.3833,76.3339,Ganga/Yamuna/ Chambal/ Kalisindh,Ganga - Brahmaputra - Meghna/Barak,Rajasthan,01-11-1970,31-05-2011,14820,14821,Restricted,24713,24549.14258,0.663041395,Safe
INDOFLOODS-gauge-482,197,198,Pali,25.8633,76.5767,Ganga/Yamuna/ Chambal/,Ganga - Brahmaputra - Meghna/Barak,Madhya Pradesh,10-06-1963,31-05-2011,12408,12408,Restricted,77076,76011.14844,1.381560486,Safe
INDOFLOODS-gauge-116,45.94,46.94,Ekmighat,26.1167,85.8589,Ganga/Kosi/ Bagmati/Adhwara,Ganga - Brahmaputra - Meghna/Barak,Bihar,01-04-1985,31-12-2010,9405,9312,Restricted,4197,516.7978516,87.68649389,Caution
INDOFLOODS-gauge-976,231,231.5,mawi,29.3847,77.1556,Ganga/Yamuna,Ganga - Brahmaputra - Meghna/Barak,Uttar Pradesh,01-06-1975,29-02-2012,13169,13325,Restricted,15622,15738.1377,0.743424017,Safe
INDOFLOODS-gauge-1050,34.22,35.3,Tufanganj,26.3089,89.6756,"Brahmaputra/ Torsa/
Raidak-i",Ganga - Brahmaputra -Meghna/Barak,West Bengal,02-06-2012,31-10-2020,1023,0,Open,520,4924.346191,846.9896521,Caution
INDOFLOODS-gauge-509,24.73,25.73,Mohanpur,24.83,78.08,Kangsabati,Ganga,Madhya Pradesh,15-06-2010,28-08-2020,1160,0,Open,5777,1797.186646,68.89065872,Caution
INDOFLOODS-gauge-1078,7.63,7.03,patna (LGD) kalna ebb,23.2247,88.3742,Bhagirathi,Ganga - Brahmaputra -Meghna/Barak,West Bengal,01-01-1959,31-12-2006,18242,18115,Restricted,25830,24697.17188,4.385707007,Safe
INDOFLOODS-gauge-852,2.5,3.5,Kuzhithurai,8.3053,77.1856,Thambraparni,West Flowing Rivers From Tadri to Kanyakumari,Tamil Nadu,01-11-2000,27-05-2020,6464,6174,Open,841,745.8718872,11.31130949,Safe
INDOFLOODS-gauge-417,8.2,9.2,Kumbidi,10.85,76.02,Bharathapuzha,West Flowing Rivers From Tadri to Kanyakumari,Kerala,01-05-1979,27-05-2020,13836,13549,Open,5755,5774.345215,0.336146221,Safe
INDOFLOODS-gauge-609,171.5,174,Bamni (balharsha),19.81,79.38,Wardha,Godavari,Maharashtra,01-12-1965,27-05-2020,19554,19350,Open,46020,45779.27344,0.523091178,Safe
INDOFLOODS-gauge-612,419,420.5,Takli,17.4131,75.8478,Krishna/Bhima,Krishna,Maharashtra,01-06-1965,27-05-2020,19424,19619,Open,33916,33145.60938,2.271466623,Safe
INDOFLOODS-gauge-369,514.5,517,Haralahalli,14.8306,75.6744,Krishna/Tungabhadra,Krishna,Karnataka,13-12-1966,27-05-2020,18595,18678,Open,14582,14490.60156,0.626789466,Safe
INDOFLOODS-gauge-715,15.835,16.835,Purushottampur,19.5167,84.8833,Rushikulya,East flowing rivers between Mahanadi and Pennar,Odisha,14-06-1989,27-05-2020,10420,9953,Open,7112,6939.707031,2.422567056,Safe
INDOFLOODS-gauge-319,605.25,605.5,T. bekkupe,12.5172,77.4369,Cauvery/Arkavathi,Cauvery,Karnataka,29-09-2003,27-05-2020,4911,4774,Open,3500,3298.440918,5.758830914,Safe
INDOFLOODS-gauge-858,282.5,283.5,Theni,10.0011,77.485,Vaigai/Suruliar,East flowing rivers between Pennar Kanyakumari,Tamil Nadu,01-06-1978,27-05-2020,15068,14703,Open,1200,1380.213623,15.01780192,Safe
INDOFLOODS-gauge-939,428.24,428.24,Nizam sagar(stat govt. site),18.2167,77.9406,Godavari/Manjira,Godavari,Telangana,01-01-2018,27-05-2020,837,0,Open,22650,22715.89258,0.290916468,Safe
INDOFLOODS-gauge-981,103.54,104.54,shahijina,25.95,80.1478,"Ganga/Yamuna
/Betwa",Ganga - Brahmaputra - Meghna/Barak,Uttar Pradesh,01-06-1959,31-05-2011,18991,18980,Restricted,44023,43492.41016,1.20525598,Safe
INDOFLOODS-gauge-997,339.5,340.5,rishikesh,30.1008,78.3039,Ganga,Ganga - Brahmaputra - Meghna,Uttarakhand,01-12-1970,31-12-2011,15006,15002,Restricted,21794,21623.87305,0.780613701,Safe
INDOFLOODS-gauge-355,891.45,893,Sakleshpur,12.9528,75.7856,Cauvery/,Cauvery,Karnataka,05-04-2002,27-05-2020,6444,6085,Open,617,584.7731323,5.223155219,Safe
INDOFLOODS-gauge-946,124.97,125.97,kannauj,27.01,79.98,Ganga,Ganga,Uttar Pradesh,01-01-1995,30-04-2011,5889,0,Restricted,81833,81465.00781,0.449686789,Safe
INDOFLOODS-gauge-970,102.63,103.63,Hamirpur,25.9796,80.1289,Ganga/Yamuna,Ganga - Brahmaputra - Meghna/Barak,Uttar Pradesh,01-06-1959,31-05-2011,18993,18993,Restricted,276789,251606,9.098266188,Safe
INDOFLOODS-gauge-962,178.42,178.42,narora,28.1911,78.4,Ganga,Ganga - Brahmaputra - Meghna,Uttar Pradesh,15-06-2000,31-12-2010,3806,0,Restricted,32162,29667.76563,7.755221597,Safe
INDOFLOODS-gauge-977,120.92,121.92,Etawah,26.75,78.9833,Ganga/Yamuna,Ganga - Brahmaputra - Meghna/Barak,Uttar Pradesh,01-01-1960,31-05-2011,18778,18778,Restricted,98715,78272.21875,20.70889049,Safe
INDOFLOODS-gauge-678,535.64,537.16,Kurundwad,16.6836,74.6031,Krishna,Krishna,Maharashtra,01-05-1972,27-05-2020,17315,17105,Open,15190,14981.12305,1.375095128,Safe
INDOFLOODS-gauge-724,83,84,Gunupur,19.0833,83.8056,Vamsadhara,East flowing rivers between Mahanadi and Pennar,Odisha,15-06-1989,27-05-2020,8749,8310,Open,6740,6867.414063,1.890416365,Safe
INDOFLOODS-gauge-759,22,23,Jenapur,20.8897,86.0142,Brahmani, Brahmni - Baitarni,Odisha,01-01-1990,27-05-2020,11059,10623,Open,33955,35632.47656,4.940293212,Safe
INDOFLOODS-gauge-879,367.21,368.21,Avarankuppam,12.6842,78.5394,Palar,East flowing rivers between Pennar Kanyakumari,Tamil Nadu,07-06-1978,27-05-2020,7330,14054,Open,3300,3174.086914,3.815548061,Safe
INDOFLOODS-gauge-526,322,323,Barmanghat,23.0308,79.0156,Narmada,Narmada,Madhya Pradesh,20-11-1971,27-05-2020,16994,16711,Open,26453,25984.77539,1.77002461,Safe
INDOFLOODS-gauge-640,504,505,Dhond,18.4739,74.5764,Krishna/Bhima,Krishna,Maharashtra,01-12-1967,20-08-2019,14665,14434,Open,11660,11295.41992,3.126758834,Safe
INDOFLOODS-gauge-681,541.95,543.15,Samdoli (seasonal),16.855,74.4967,Krishna/Varna,Krishna,Maharashtra,01-12-1964,27-05-2020,16662,18193,Open,1948,1949.87561,0.096283881,Safe
INDOFLOODS-gauge-1003,293,294,haridwar,29.98,78.19,Ganga,Ganga,Uttarakhand,01-01-2001,09-10-2010,3207,0,Restricted,,23006.56055,,Caution
INDOFLOODS-gauge-589,539.2,540.7,Arjunwad (seasonal),16.7808,74.6333,Krishna,Krishna,Maharashtra,01-01-1969,27-05-2020,17213,17095,Open,12660,12321.25586,2.675704107,Safe
INDOFLOODS-gauge-412,12.64,13.64,Kalampur,9.9906,76.6322,Muvattupuzha/,West Flowing Rivers From Tadri to Kanyakumari,Kerala,23-06-1986,27-05-2020,12021,11623,Open,405,365.4744263,9.759400914,Safe
INDOFLOODS-gauge-428,6.16,7.16,Kidangoor,9.6756,76.6056,Meenachil,West Flowing Rivers From Tadri to Kanyakumari,Kerala,02-07-1985,07-12-2019,12370,12114,Open,615,606.7544556,1.340738927,Safe
INDOFLOODS-gauge-370,77.87,78.87,Pulikukku,14.03,75.29,Kumaradhara,West flowing rivers from Tadri to Kanyakumari,Karnataka,08-01-2018,27-05-2020,330,0,Open,,24.7110157,,Caution
INDOFLOODS-gauge-1085,11.8,12.8,Harinkhola,22.8381,87.9031,Bhagirathi/Damodar/ Mundeswari,Ganga - Brahmaputra -Meghna/Barak,West Bengal,19-06-2012,30-10-2020,919,0,Open,21310,21904.48242,2.789687565,Safe
INDOFLOODS-gauge-781,197,198,Baranwada,26,76.6667,Ganga/Yamuna/ Chambal/Banas,Ganga - Brahmaputra - Meghna/Barak,Rajasthan,01-01-1960,31-05-2011,17839,18748,Restricted,50524,46813.76563,7.343508768,Safe
INDOFLOODS-gauge-208,101,102,Nanipalsan,20.2028,73.2811,Damanganga,West flowing rivers from  Tapi to Tadri,Gujarat,01-10-1983,20-08-2019,10628,10263,Open,764,757.8242188,0.808348325,Safe
INDOFLOODS-gauge-846,306.5,307,Nellithurai,11.2878,76.8911,Cauvery/Bhavani,Cauvery,Tamil Nadu,01-06-1979,27-05-2020,14366,13606,Open,1475,1458.460205,1.121342034,Safe
INDOFLOODS-gauge-308,122.5,123.5,Jamshedpur,22.8156,86.2161,Subarnarekha,Subarnarekha,Jharkhand,01-02-1972,27-05-2020,17033,16594,Open,12649,12608.52539,0.319982686,Safe
INDOFLOODS-gauge-438,6,7,Malakkara,9.3325,76.6631,Pampa,West Flowing Rivers From Tadri to Kanyakumari,Kerala,19-06-1985,27-05-2020,12358,12042,Open,1713,1625.302246,5.119541973,Safe
INDOFLOODS-gauge-1086,116.3,116.9,Hasimara,26.7292,89.3236,Brahmaputra/ Torsa,Ganga - Brahmaputra -Meghna/Barak,West Bengal,01-06-2010,31-10-2020,1289,0,Open,3920,3892.973877,0.689441913,Safe
INDOFLOODS-gauge-388,492.25,492.25,Narayanpur dam,16.1833,76.1833,Krishna,Krishna,Karnataka,16-12-2016,27-05-2020,837,13,Open,47850,45441.38281,5.033682738,Safe
INDOFLOODS-gauge-830,125.5,126.5,Kodumudi,11.0811,77.8903,Cauvery,Cauvery,Tamil Nadu,21-06-1971,27-05-2020,17569,17218,Open,53233,52116.33594,2.097691394,Safe
INDOFLOODS-gauge-861,39.6,40.5,Paramakudi,9.5531,78.5861,Vaigai,East flowing rivers between Pennar Kanyakumari,Tamil Nadu,03-11-1971,27-05-2020,2845,16659,Open,6796,5893.132813,13.2852735,Safe
INDOFLOODS-gauge-512,453,454,Mahidpur,23.4806,75.6364,Ganga/Yamuna/ Chambal/Shipra,Ganga - Brahmaputra - Meghna/Barak,Madhya Pradesh,01-01-1976,31-05-2011,8629,12935,Restricted,4430,4430.448242,0.01011833,Safe
INDOFLOODS-gauge-196,30.48,31.09,Garudeshwar,21.885,73.6544,Narmada,Narmada,Gujarat,22-03-1972,23-04-2020,16207,16875,Open,87892,86862.54688,1.171270559,Safe
INDOFLOODS-gauge-1056,13.1,14.32,Katwa,23.65,88.14,Bhagirathi-II (WB)*,Ganga,West Bengal,14-07-2010,31-10-2013,472,0,Open,15350,19162.85352,24.83943661,Safe
INDOFLOODS-gauge-727,48.32,49.16,Jamsholaghat,22.2197,86.7167,Subarnarekha,Subarnarekha,Odisha,17-06-2004,27-05-2020,1923,1255,Open,16000,15817.27246,1.142047125,Safe
INDOFLOODS-gauge-431,15.6,16.6,Pulamanthole,10.8992,76.1972,Bharathapuzha/Pulanthodu,West Flowing Rivers From Tadri to Kanyakumari,Kerala,17-02-1986,27-05-2020,12148,11922,Open,940,915.2797852,2.629810085,Safe
INDOFLOODS-gauge-603,426.5,427.5,Wadakbal,17.5342,75.885,Krishna/ Bhima/Sina,Krishna,Maharashtra,01-06-1965,27-05-2020,14848,19603,Open,12092,11938.87891,1.266300777,Safe
INDOFLOODS-gauge-363,397,398,Malkhed,17.2031,77.1572,Krishna/Bhima/Ka gna,Krishna,Karnataka,15-08-1990,20-08-2019,10206,10416,Open,7650,8276.728516,8.192529621,Safe
INDOFLOODS-gauge-300,248.8,249.5,karnal,29.6956,77.1428,Ganga/Yamuna,Ganga - Brahmaputra - Meghna/Barak,Haryana,01-06-1975,29-02-2012,11193,11158,Restricted,13578,13419.17383,1.169731698,Safe
INDOFLOODS-gauge-959,98.36,99.36,dalmau,26.0583,81.0208,Ganga,Ganga - Brahmaputra - Meghna,Uttar Pradesh,01-01-1995,16-04-2006,3270,0,Restricted,91076,90245.42969,0.911952995,Safe
INDOFLOODS-gauge-346,14.85,18,Avershe,13.5214,74.88,Sita,West flowing rivers from Tadri to Kanyakumari,Karnataka,25-06-2002,27-05-2020,6034,5833,Open,253,287.3398438,13.57306079,Safe
INDOFLOODS-gauge-324,566.5,567.5,Shimoga,13.9269,75.585,Krishna/Tungabhadra,Krishna,Karnataka,22-01-1972,27-05-2020,16912,16402,Open,2831,2832.652344,0.05836609,Safe
INDOFLOODS-gauge-872,82.115,83.115,Musiri,10.9433,78.435,Cauvery,Cauvery,Tamil Nadu,02-06-1972,27-05-2020,15981,15841,Open,66243,69242.58594,4.528155337,Safe
INDOFLOODS-gauge-979,107,108,Kalpi,26.2,79.7,Ganga/Yamuna,Ganga - Brahmaputra - Meghna/Barak,Uttar Pradesh,01-01-1982,31-05-2011,10741,10743,Restricted,264251,244092.5469,7.628524812,Safe
INDOFLOODS-gauge-642,458.403,459.033,Narsingpur,17.9722,75.1392,Krishna/Bhima,Krishna,Maharashtra,01-12-1966,20-08-2019,18376,19046,Open,22856,22102.80469,3.295394251,Safe
INDOFLOODS-gauge-884,163,164,Urachikottai,11.4778,77.7,Cauvery,Cauvery,Tamil Nadu,01-06-1979,27-05-2020,14604,14000,Open,44100,44228.08203,0.290435442,Safe
INDOFLOODS-gauge-682,474.128,475.128,Sarati,17.9114,75.0075,Krishna/Bhima/ Nira,Krishna,Maharashtra,01-06-1965,20-08-2019,14289,17466,Open,7200,6681.524902,7.201043028,Safe
INDOFLOODS-gauge-123,108.67,109.67,Tribeni,27.4417,83.9167,Ganga/Gandak,Ganga - Brahmaputra - Meghna/Barak,Bihar,01-01-1970,31-12-2010,14975,14882,Restricted,37845,36112.94922,4.576696472,Safe
INDOFLOODS-gauge-916,523.6,523.6,Singur dam,17.75,77.9283,Godavari/Manjira,Godavari,Telangana,31-05-2018,27-05-2020,587,0,Open,16097,15865.90039,1.43566882,Safe
INDOFLOODS-gauge-420,9,10,Neeleeswaram,10.1833,76.5,Periyar,West Flowing Rivers From Tadri to Kanyakumari,Kerala,16-03-1971,20-08-2019,17571,17377,Open,4234,4063.001709,4.038693694,Safe
INDOFLOODS-gauge-654,562.8,565.2,Warunji,17.2722,74.165,Krishna/Koyna,Krishna,Maharashtra,01-01-1966,27-05-2020,19414,19210,Open,1890,1853.016968,1.95677418,Safe
INDOFLOODS-gauge-318,6.5,8,Haladi,13.5811,74.8536,Haladi,West flowing rivers from Tadri to Kanyakumari,Karnataka,30-12-1985,27-05-2020,12249,12086,Open,583,551.1911621,5.456061389,Safe
INDOFLOODS-gauge-968,112,113,Auraiya,26.4272,79.4181,Ganga/Yamuna,Ganga - Brahmaputra - Meghna/Barak,Uttar Pradesh,21-02-1976,31-05-2011,12623,12883,Restricted,261331,241018.4531,7.772727652,Safe
INDOFLOODS-gauge-967,121.66,122.66,Mohna,25.8071,79.4085,Ganga/Yamuna /Betwa,Ganga - Brahmaputra - Meghna/Barak,Uttar Pradesh,21-03-1984,31-05-2011,9841,9841,Restricted,41054,39285,4.308958932,Safe
INDOFLOODS-gauge-511,478.5,479.5,Dhareri,23.1333,75.5147,Ganga/Yamuna/ Chambal,Ganga - Brahmaputra - Meghna/Barak,Madhya Pradesh,01-01-1976,31-05-2011,11284,12935,Restricted,1680,1667.049438,0.770866786,Safe
INDOFLOODS-gauge-731,9.45,10.36,Rajghat,21.7678,87.1642,Subarnarekha,Subarnarekha,Odisha,01-01-2017,27-05-2020,959,762,Open,18260,18438.29688,0.976434173,Safe
INDOFLOODS-gauge-423,6,8.5,Ayilam,8.715,76.85,Vamanapuram,West Flowing Rivers From Tadri to Kanyakumari,Kerala,01-12-1978,27-05-2020,14630,14349,Open,540,541.2938232,0.239596889,Safe
INDOFLOODS-gauge-817,308,309,aklera.,24.4297,76.6039,Ganga/Yamuna/ Chambal/ Kalisindh/Parwan,Ganga - Brahmaputra - Meghna/Barak,Rajasthan,01-06-1975,31-05-2011,8138,13056,Restricted,6050,6076.570313,0.439178727,Safe
INDOFLOODS-gauge-1076,16.92,17.22,Berhampore,24.0911,88.2431,Bhagirathi,Ganga - Brahmaputra -Meghna/Barak,West Bengal,18-06-2010,31-10-2013,441,0,Open,3370,3404.282715,1.017291246,Safe
INDOFLOODS-gauge-403,5.95,6.95,Kuttyadi,11.625,75.7844,Kuttyadi,West Flowing Rivers From Tadri to Kanyakumari,Kerala,13-03-2000,27-05-2020,7094,6815,Open,238,249.5108185,4.836478361,Safe
INDOFLOODS-gauge-1095,38.42,39.42,Gheropara        ,23.6167,87.7008,Bhagirathi/Ajoy,Ganga - Brahmaputra -Meghna/Barak,West Bengal,03-06-2010,31-10-2020,1176,0,Open,5969,4486.435547,24.83773585,Safe
INDOFLOODS-gauge-646,8,9,Nagothane,18.5192,73.1564,Amba,West flowing rivers from Tapi of Tadri,Maharashtra,01-05-2016,27-05-2020,870,734,Open,420,436.1244507,3.839154929,Safe
INDOFLOODS-gauge-1018,65.45,65.95,Mekhliganj,26.3325,88.8636,Brahmaputra/ Teesta,Ganga - Brahmaputra -Meghna/Barak,West Bengal,18-07-2016,31-10-2020,562,0,Open,10205,9908.03418,2.910003136,Safe
INDOFLOODS-gauge-391,359.503,360.503,Yadgir,16.7375,77.1253,Krishna/Bhima,Krishna,Karnataka,01-06-1965,27-05-2020,19383,19626,Open,69863,69118.5,1.065657072,Safe
INDOFLOODS-gauge-635,490.9,493.68,Kopergaon,19.8783,74.4819,Godavari,Godavari,Maharashtra,01-06-2014,27-05-2020,1508,945,Open,6840,6916.848633,1.123518026,Safe
INDOFLOODS-gauge-789,164,165,Manderial,26.2725,77.2753,Ganga/Yamuna/ Chambal,Ganga - Brahmaputra - Meghna/Barak,Rajasthan,01-12-1982,31-05-2011,10401,10409,Restricted,136250,131439.9063,3.530344,Safe
INDOFLOODS-gauge-952,114.5,115.5,bani,26.6517,80.7942,Ganga/Gomti/Sai,Ganga - Brahmaputra - Meghna,Uttar Pradesh,16-06-1992,31-05-2011,4569,0,Restricted,3105,3039.713379,2.102628696,Safe
INDOFLOODS-gauge-1013,47.7,48.2,Mathabhanga ,26.3253,89.2356,Brahmaputra/ Jaldhaka,Ganga - Brahmaputra -Meghna/Barak,West Bengal,01-06-2013,31-10-2020,1054,0,Open,3039,3542.106445,16.55499984,Safe
INDOFLOODS-gauge-890,4.5,6,Ashramam,8.16,77.4575,Pazhayar,West Flowing Rivers From Tadri to Kanyakumari,Tamil Nadu,21-09-1999,27-05-2020,6888,6643,Open,258,294.0782166,13.98380488,Safe
INDOFLOODS-gauge-395,537.8,538.8,Sadalga (seasonal),16.5639,74.5275,Krishna/ Dudhganga,Krishna,Karnataka,01-06-1969,27-05-2020,13727,15634,Open,2322,2236.875732,3.665989147,Safe
INDOFLOODS-gauge-338,334.511,335.511,Deosugur,16.3822,77.3572,Krishna,Krishna,Karnataka,01-06-1965,27-05-2020,5428,4733,Open,129500,124893.2734,3.557317838,Safe
INDOFLOODS-gauge-1004,772,773,karanprayag,30.2556,79.2211,Ganga/Alaknanda/ Pinder,Ganga - Brahmaputra - Meghna,Uttarakhand,01-01-1977,31-12-2011,12775,12775,Restricted,1905,1881.723267,1.221875748,Safe
INDOFLOODS-gauge-414,12,13,Karathodu,11.0569,76.0394,Kadalundi,West Flowing Rivers From Tadri to Kanyakumari,Kerala,20-06-1986,27-05-2020,11644,11440,Open,750,757.4697876,0.99597168,Safe
INDOFLOODS-gauge-998,535,536,shrinagar,30.2258,78.7756,Ganga/Alaknanda,Ganga - Brahmaputra - Meghna,Uttarakhand,01-01-1976,29-01-2011,11182,0,Restricted,10627,10580.75977,0.43512026,Safe
INDOFLOODS-gauge-97,856.66,858.16,Kunturla,18.2,82.65,Machkund,Godavari,Andhra Pradesh,01-01-2018,19-08-2019,459,202,Open,713,715.0139771,0.282465231,Safe
INDOFLOODS-gauge-481,201,202,Khatoli,25.6833,76.4833,Ganga/Yamuna/,Ganga - Brahmaputra - Meghna/Barak,Madhya Pradesh,01-06-1971,31-05-2006,6208,6209,Restricted,15148,14985.61719,1.071975244,Safe
INDOFLOODS-gauge-1100,13.1,14.32,Katwa,23.65,88.14,Bhagirathi-II (WB)*,Ganga,West Bengal,01-06-2010,31-10-2020,1150,0,Open,15350,19162.85352,24.83943661,Safe
INDOFLOODS-gauge-1006,1382,1383,joshimath,30.5669,79.5525,Ganga/Alaknanda,Ganga - Brahmaputra - Meghna,Uttarakhand,01-05-1971,31-12-2011,14814,14806,Restricted,4595,4574.710938,0.441546507,Safe
INDOFLOODS-gauge-956,108.5,109.5,lucknow,26.8611,80.9464,Ganga/Gomti,Ganga - Brahmaputra - Meghna,Uttar Pradesh,01-09-1969,31-12-2011,13666,13665,Restricted,10503,9266.955078,11.76849397,Safe
INDOFLOODS-gauge-836,19.5,20.5,Murappanadu,8.7144,77.835,Tambraparni,East flowing rivers between Pennar Kanyakumari,Tamil Nadu,23-11-1977,27-05-2020,15087,14827,Open,4380,4622.459961,5.535615548,Safe
INDOFLOODS-gauge-407,18.03,19.03,Erinjipuzha,12.4792,75.1472,Payaswani,West Flowing Rivers From Tadri to Kanyakumari,Kerala,25-06-1985,27-05-2020,12471,12203,Open,957,903.4658203,5.593958171,Safe
INDOFLOODS-gauge-896,341,342,Thengumarahada,11.5728,76.9192,Cauvery/Bhavani/,Cauvery,Tamil Nadu,01-06-1979,27-05-2020,14883,14439,Open,1370,1321.067505,3.571714964,Safe
INDOFLOODS-gauge-917,281,282,K. agraharam,16.2592,77.8411,Krishna,Krishna,Telangana,01-06-1981,28-02-2020,10070,9511,Open,132920,128209.9141,3.543549428,Safe
INDOFLOODS-gauge-506,203,204,Garrauli,24.6411,79.2833,Ganga/Yamuna/Betw/Dhasan,Ganga - Brahmaputra - Meghna/Barak,Madhya Pradesh,01-07-1982,31-05-2011,10555,10555,Restricted,840,1305.453735,55.41115893,Caution
INDOFLOODS-gauge-925,45.72,48.77,Bhadrachalam,17.6681,80.8772,Godavari,Godavari,Telangana,03-03-2006,27-05-2020,1682,1327,Open,280505,277813.9063,0.959374592,Safe
INDOFLOODS-gauge-833,1496.4,1496.8,Kukkalthurai,11.49,76.83,Bhavani,Cauvery,Tamil Nadu,15-06-2017,27-05-2020,656,134,Open,,73.23088074,,Caution
INDOFLOODS-gauge-926,425.5,426.6,Jewangi,17.2544,77.4628,Krishna/Bhima/ Kagna,Krishna,Telangana,24-11-1978,20-08-2019,8610,10058,Open,1920,1925.747437,0.299345677,Safe
INDOFLOODS-gauge-415,10.85,11.85,Kuniyil,11.2394,76.0233,Chaliyar,West Flowing Rivers From Tadri to Kanyakumari,Kerala,04-01-1979,27-05-2020,14356,13870,Open,1876,1997.918213,6.498838646,Safe
INDOFLOODS-gauge-684,563.41,567.04,Karad,17.2944,74.1903,Krishna,Krishna,Maharashtra,01-06-1965,27-05-2020,19776,19544,Open,5462,5337.689941,2.275907342,Safe
INDOFLOODS-gauge-430,7.1,8.1,Arangali,10.2814,76.3153,Periyar/Chalakudy,West Flowing Rivers From Tadri to Kanyakumari,Kerala,27-04-1978,14-05-2020,14981,14627,Open,1342,1334.644775,0.548079359,Safe
INDOFLOODS-gauge-162,29,30,Silvassa,20.2703,72.9869,Damanganga,West flowing rivers from  Tapi to Tadri,Dadra and Nagar Haveli and Daman and Diu,01-01-2018,20-08-2019,422,0,Open,2122,2188.419678,3.130050801,Safe
INDOFLOODS-gauge-790,216,220,Mandawara,25.3853,76.1519,Ganga/Yamuna/ Chambal,Ganga - Brahmaputra - Meghna/Barak,Rajasthan,02-06-1981,31-05-2011,10945,10956,Restricted,29151,28369.94727,2.67933426,Safe
INDOFLOODS-gauge-303,383.5,384.5,paonta,30.4253,77.5919,Ganga/Yamuna,Ganga - Brahmaputra - Meghna/Barak,Himachal Pradesh,16-10-1978,29-02-2012,12151,12164,Restricted,10769,10798.81934,0.276899805,Safe
INDOFLOODS-gauge-411,8,9,Ramamangalam,9.845,76.4667,Muvattupuzha,West Flowing Rivers From Tadri to Kanyakumari,Kerala,25-04-1978,20-08-2019,14970,14756,Open,1208,1369.923584,13.4042702,Safe
INDOFLOODS-gauge-950,162.07,163.07,bareilly,28.2992,79.3667,Ganga/Ramganga,Ganga - Brahmaputra - Meghna,Uttar Pradesh,20-05-1970,31-10-2011,3629,3629,Restricted,18340,18535.52344,1.066103817,Safe
INDOFLOODS-gauge-1010,47.81,48.42,L.R.P. Crossing,26.46,89.86,sankosh,,West Bengal,01-06-2010,31-10-2020,1312,0,Open,,10008.26074,,Caution
INDOFLOODS-gauge-376,355.24,356.24,Huvinhedigi,16.4911,76.9231,Krishna,Krishna,Karnataka,01-02-1976,27-05-2020,15993,15556,Open,55150,53425.38672,3.127131967,Safe
INDOFLOODS-gauge-885,49.9,50.5,Irrukkankudi,9.3239,77.9903,Vaippar,East flowing rivers between Pennar Kanyakumari,Tamil Nadu,25-11-1989,24-05-2020,2860,10023,Open,3721,3872.849854,4.08088831,Safe
INDOFLOODS-gauge-1020,11.8,12.8,Mundeswari/Harinkhola,22.8381,87.9031,Bhagirathi/Damodar/ Mundeswari,Ganga - Brahmaputra -Meghna/Barak,West Bengal,01-06-2010,11-10-2011,266,0,Open,21310,21904.48242,2.789687565,Safe
INDOFLOODS-gauge-175,126.18,128,Panam dam,23.0542,73.7167,Mahi/Panam,Mahi,Gujarat,01-01-2018,27-05-2020,498,0,Open,2314,2308.24707,0.248614088,Safe
INDOFLOODS-gauge-814,258,259,Banas at abu road,24.4939,72.7917,Banas,West flowing rivers of Kutchh and Saurashtra including Luni,Rajasthan,23-06-1980,27-05-2020,8144,8580,Open,1600,1431.448975,10.53443906,Safe
INDOFLOODS-gauge-775,406.9,407.9,Chittorgarh,24.8667,74.6356,Ganga/Yamuna/ Chambal/Banas/ Gambhiri,Ganga - Brahmaputra - Meghna/Barak,Rajasthan,01-11-1976,31-05-2011,9083,11647,Restricted,1445,1411.671509,2.306469965,Safe
INDOFLOODS-gauge-898,494,495,Gummanur,12.555,78.1386,Ponnaiyar,East flowing rivers between Pennar Kanyakumari,Tamil Nadu,01-09-1978,27-05-2020,13753,14700,Open,4620,5049.803223,9.303100065,Safe
INDOFLOODS-gauge-243,126.18,127.71,Kadana dam,23.3064,73.8261,Mahi,Mahi,Gujarat,01-01-2018,27-05-2020,716,0,Open,25520,25780.10156,1.01920674,Safe
INDOFLOODS-gauge-665,252.7,254.9,Wankhed,20.99,76.73,Tapi,Tapi,Maharashtra,01-01-2018,20-08-2019,418,0,Open,,463.0830688,,Caution
INDOFLOODS-gauge-544,437.2,437.8,Mandla,22.5992,80.3639,Narmada,Narmada,Madhya Pradesh,01-01-2018,27-05-2020,638,0,Open,13000,12778.33301,1.705130692,Safe
INDOFLOODS-gauge-786,281.5,281.5,Mahi dam,23.6275,74.5453,Mahi,Mahi,Rajasthan,01-01-2018,27-05-2020,716,0,Open,6149,6153.266602,0.069386925,Safe
INDOFLOODS-gauge-944,25,26,Khowai,24.0789,91.5919,Meghna/,Ganga - Brahmaputra - Meghna/Barak,Tripura,01-01-2018,27-05-2020,450,309,Open,1310,1246.797119,4.824647405,Safe
INDOFLOODS-gauge-422,18,20,Nellipalli,9.03,76.92,Kallada,West flowing rivers from Tadri to Kanyakumari,Kerala,01-06-2019,27-05-2020,136,0,Open,,883.2365112,,Caution
INDOFLOODS-gauge-1084,7.96,8.59,Hanskhali,23.3553,88.6061,Bhagirathi/Churni,Ganga - Brahmaputra -Meghna/Barak,West Bengal,01-06-2010,31-10-2020,1299,0,Open,980,146.5135803,85.04963466,Caution
INDOFLOODS-gauge-406,290.65,291.65,Kottathara,11.13,76.68,Bhavani,Cauvery,Kerala,15-06-2017,27-05-2020,782,207,Open,130.38,175.8397522,34.86712088,Caution
INDOFLOODS-gauge-421,8.3,9.3,Palakadavu,10.43,76.24,Karamana,West flowing rivers from Tadri to Kanyakumari,Kerala,01-07-2019,30-04-2020,57,0,Open,,782.3994141,,Caution
INDOFLOODS-gauge-596,9.4,11,Niivali,17.0692,73.45,Bav,West flowing rivers from Tapi of Tadri,Maharashtra,01-01-2018,27-05-2020,607,0,Open,421,408.33078,3.009315914,Safe
INDOFLOODS-gauge-1005,544,545,koteswar,30.3308,78.4883,Ganga/Bhagirath,Ganga - Brahmaputra - Meghna,Uttarakhand,03-07-2011,31-12-2011,159,159,Restricted,7413,7273.05957,1.887770538,Safe
INDOFLOODS-gauge-844,134.12,135.12,Nallamaranpatty,10.8808,77.9847,Cauvery/,Cauvery,Tamil Nadu,01-12-1977,27-05-2020,7351,14276,Open,9080,8603.462891,5.248206046,Safe
INDOFLOODS-gauge-645,558.1,559.6,Nasik,20.0019,73.8033,Godavari,Godavari,Maharashtra,01-01-2018,07-05-2020,585,0,Open,650,693.2064209,6.647141677,Safe
INDOFLOODS-gauge-961,113.3,114.3,bhatpurwagat,27.1911,80.8,Ganga/Gomti,Ganga - Brahmaputra - Meghna,Uttar Pradesh,01-07-2004,31-07-2011,2585,0,Restricted,6615,7425.166992,12.2474224,Safe
INDOFLOODS-gauge-446,63.5,64.5,Pudur,10.78,76.575,Bharathapuzha/ Kannadipuzha,West Flowing Rivers From Tadri to Kanyakumari,Kerala,02-09-1985,27-05-2020,12228,12003,Open,1313,1283.758911,2.227044097,Safe
INDOFLOODS-gauge-943,73.32,75.82,Eturunagaram,18.6203,79.8042,Godavari,Godavari,Telangana,01-01-2018,27-05-2020,663,0,Open,270600,12880.31641,95.24009002,Caution
INDOFLOODS-gauge-585,88,90,Ozerkheda,20.1006,73.2706,Damanganga/ Wagh,West flowing rivers from  Tapi to Tadri,Maharashtra,05-02-2019,31-01-2020,327,0,Open,640,637.4835205,0.393199922,Safe
INDOFLOODS-gauge-617,212,214,Hathnur,21.0719,75.9461,Tapi,Tapi,Maharashtra,01-01-2018,20-08-2019,407,0,Open,29430,29500.49805,0.239544852,Safe
INDOFLOODS-gauge-922,53,55,Dummugudem,17.8372,80.8861,Godavari,Godavari,Telangana,01-01-2018,27-05-2020,549,0,Open,279745,273897.3125,2.090363545,Safe
INDOFLOODS-gauge-1042,47.7,48.2,Mansai/Mathabhanga ,26.3253,89.2356,Brahmaputra/ Jaldhaka,Ganga - Brahmaputra -Meghna/Barak,West Bengal,01-06-2010,11-10-2011,263,0,Open,3039,3542.106445,16.55499984,Safe
INDOFLOODS-gauge-31,37.74,39.24,Kunavaram,17.5731,81.25,Godavari,Godavari,Andhra Pradesh,01-01-2018,27-05-2020,569,1,Open,284880,279467.9688,1.899758214,Safe
INDOFLOODS-gauge-551,441,443,Tal.,23.7233,75.3469,Ganga/Yamuna/ Chambal,Ganga - Brahmaputra - Meghna/Barak,Madhya Pradesh,01-01-1976,31-05-2011,10500,12931,Restricted,4270,4279.522949,0.223019883,Safe
INDOFLOODS-gauge-648,12.295,13,Pen,18.7367,73.1108,Bhogeswari,West flowing rivers from Tapi of Tadri,Maharashtra,01-05-2016,25-05-2020,922,691,Open,125,123.8492584,0.92059328,Safe
INDOFLOODS-gauge-367,657.75,657.75,Bhadra dam,13.7,75.64,Krishna,Krishna,Karnataka,01-01-2018,27-05-2020,695,0,Open,,2010.45813,,Caution
INDOFLOODS-gauge-913,269.75,269.75,Srisailam dam,16.0869,78.8967,Krishna,Krishna,Telangana,01-02-2019,22-04-2020,375,0,Open,206041,208408.9219,1.149247917,Safe
INDOFLOODS-gauge-426,77.4,78.4,Manikal,9.53,76.91,Manimala,West flowing rivers from Tadri to Kanyakumari,Kerala,01-07-2019,27-05-2020,89,0,Open,,47.73057938,,Caution
INDOFLOODS-gauge-404,17.9,18.9,Chakkalakuth,11.26,76.24,Kudhirapuzha,West flowing rivers from Tadri to Kanyakumari,Kerala,01-06-2019,27-05-2020,97,0,Open,214,225.7147522,5.474183271,Safe
INDOFLOODS-gauge-445,23.8,24.8,Pallippady,10.04,76.62,Kothamangalam,West flowing rivers from Tadri to Kanyakumari,Kerala,01-07-2019,27-05-2020,89,0,Open,,183.9282227,,Caution
INDOFLOODS-gauge-787,429.1,430.1,Bigod,25.2506,75.035,Ganga/Yamuna/ Chambal/Banas,Ganga - Brahmaputra - Meghna/Barak,Rajasthan,01-11-1976,31-05-2011,10467,12537,Restricted,14338,13620.57129,5.003687474,Safe
INDOFLOODS-gauge-434,100,101,Madamon,9.36,76.84,Pamba,West flowing rivers from Tapi to Tadri,Kerala,01-06-2019,27-05-2020,136,0,Open,,1090.711304,,Caution
INDOFLOODS-gauge-19,14.25,16.08,Dowlaiswaram(state gov. site),16.9383,81.7825,Godavari,Godavari,Andhra Pradesh,01-01-2018,27-05-2020,690,0,Open,311150,305683.8125,1.756769243,Safe
INDOFLOODS-gauge-485,262.13,263.35,Indirasagar dam,22.28,76.47,Narmada,Narmada,Madhya Pradesh,01-07-2018,27-05-2020,97,0,Open,,61992.69531,,Caution
INDOFLOODS-gauge-180,8.5,9.5,Surat,21.2,72.82,Tapi,Tapi,Gujarat,01-07-2018,23-04-2020,104,0,Open,63973,63694.52734,0.435297172,Safe
INDOFLOODS-gauge-602,10,11,Mahad,18.0922,73.4603,Savitri,West flowing rivers from Tapi of Tadri,Maharashtra,01-01-2018,27-05-2020,520,0,Open,758.6,861.9865112,13.62859362,Safe
INDOFLOODS-gauge-705,123.5,125.4,Rengali dam u/s,21.29,85.03,Brahmni,Brahmani and Baitarni,Odisha,01-07-2018,20-08-2019,103,0,Open,,25141.4375,,Caution
INDOFLOODS-gauge-668,16.5,17.5,Badlapur,19.1622,73.2544,Ulhas,West flowing rivers from Tapi of Tadri,Maharashtra,01-06-2013,27-05-2020,1191,1075,Open,785,961.7387085,22.51448516,Safe
INDOFLOODS-gauge-656,540.17,542.21,Nandre,16.95,74.53,Yerala,Krishna,Maharashtra,01-01-2018,27-05-2020,549,199,Open,3038,2928.480469,3.604987854,Safe
INDOFLOODS-gauge-345,456.5,457.6,Kokangaon,17.2864,75.6372,Krishna/ Bhima/Borinala,Krishna,Karnataka,25-07-1979,20-08-2019,4038,10120,Open,1640,1641.223389,0.07459689,Safe
INDOFLOODS-gauge-329,402,404.5,Deongaon bridge,17.1703,76.3283,Krishna/Bhima,Krishna,Karnataka,01-01-2018,27-05-2020,717,0,Open,50843,52106.02344,2.484163877,Safe
INDOFLOODS-gauge-399,26.5,27.5,Peruvampadam,11.32,76.2,Chaliyar,West flowing rivers from Tapi to Tadri,Kerala,01-06-2019,27-05-2020,96,0,Open,75,75.75479126,1.006388347,Safe
INDOFLOODS-gauge-694,17.83,17.83,Akhuapada,20.9156,86.2747,Baitarni, Brahmni - Baitarni,Odisha,01-01-2018,27-05-2020,483,0,Open,10385,10024.22949,3.473957727,Safe
INDOFLOODS-gauge-889,132,133,Elunuthimangalam,11.0317,77.8875,Cauvery/Noyyal,Cauvery,Tamil Nadu,07-08-1998,27-05-2020,6256,6925,Open,3386,3396.27124,0.303344359,Safe
INDOFLOODS-gauge-734,25.41,26.41,Naraj,20.475,85.775,Mahanadi,Mahanadi,Odisha,01-01-2018,27-05-2020,504,0,Open,133230,132534.9063,0.521724612,Safe
INDOFLOODS-gauge-1074,22.75,23.5,Englishbazar ,24.0031,88.1375,Padma/Mahananda,Ganga - Brahmaputra -Meghna/Barak,West Bengal,17-06-2010,31-10-2020,1098,0,Open,12820,3812.43042,70.2618532,Caution
INDOFLOODS-gauge-441,17.2,18.2,Perumannu,11.9814,75.5875,Valapatnam,West Flowing Rivers From Tadri to Kanyakumari,Kerala,26-06-1985,27-05-2020,12458,12144,Open,1070,1064.725464,0.49294729,Safe
INDOFLOODS-gauge-1012,47.81,48.42,L.R.P. Crossing,26.47,89.79,raidak-ii,,West Bengal,01-06-2010,31-10-2020,1167,0,Open,,148.7983093,,Caution
INDOFLOODS-gauge-294,101,102,Nanipalson,20.2028,73.2811,Damanganga,West flowing rivers from  Tapi to Tadri,Gujarat,05-02-2019,27-05-2020,412,0,Open,764,757.8242188,0.808348325,Safe
INDOFLOODS-gauge-832,445.465,445.965,Alandurai,10.95,76.79,Noyyal,Cauvery,Tamil Nadu,01-06-2017,27-05-2020,689,167,Open,156.4,168.3835144,7.662093606,Safe
INDOFLOODS-gauge-626,496.83,497.58,Ujani dam,18.07,75.12,Krishna,Krishna,Maharashtra,01-11-2018,20-08-2019,242,0,Open,,14911.73242,,Caution
INDOFLOODS-gauge-877,240.79,244.14,Mettur dam,11.8,77.8,Cauvery,Cauvery,Tamil Nadu,06-12-2017,27-05-2020,756,8,Open,,42438.83984,,Caution
